symbol,entry_date,exit_date,entry_price,exit_price,shares,pnl,pnl_pct,trade_type,exit_reason
HEXT,2025-09-19,2025-09-19,756.8035756237101,759.5895318603516,1321,3680.248188603398,0.3681214421252531,INTRADAY,SQUARE_OFF_INTRADAY
INDUSINDBK,2025-09-19,2025-09-19,739.0170336777287,741.709896484375,1353,3643.4433773924484,0.3643844030556689,INTRADAY,SQUARE_OFF_INTRADAY
JKCEMENT,2025-09-19,2025-09-19,6810.097670982046,6822.881090820312,146,1866.3792963868545,0.1877127238972874,INTRADAY,SQUARE_OFF_INTRADAY
AIIL,2025-09-19,2025-09-19,647.3964020385741,630.8158570556641,1544,-25600.361453613124,-2.561111697670839,INTRADAY,SQUARE_OFF_INTRADAY
OIL,2025-09-25,2025-09-25,400.03645327544547,403.63751831054685,2495,8984.657262577955,0.9001842221168451,INTRADAY,SQUARE_OFF_INTRADAY
KEI,2025-09-25,2025-09-25,4117.455071579315,4144.676944335937,242,6587.693207102611,0.6611334497496043,INTRADAY,SQUARE_OFF_INTRADAY
AIAENG,2025-09-25,2025-09-25,3079.669325734013,3081.219498535156,324,502.2559875703846,0.05033568988039623,INTRADAY,SQUARE_OFF_INTRADAY
IPCALAB,2025-09-26,2025-09-26,1353.163457512681,1363.7228989257812,738,7792.867762868043,0.7803522445477636,INTRADAY,SQUARE_OFF_INTRADAY
ICICIGI,2025-09-26,2025-09-26,1882.184125209431,1876.9635256347656,531,-2772.1383741473046,-0.2773692278423855,INTRADAY,SQUARE_OFF_INTRADAY
AUBANK,2025-09-23,2025-09-29,711.4390992474235,739.2990188939611,1403,39087.46726409226,3.9159950129263996,SWING,STOP_LOSS_HIT
ABCAPITAL,2025-09-29,2025-09-29,281.09074999999996,289.2703060913086,3573,29225.553914245822,2.9099342796974486,INTRADAY,SQUARE_OFF_INTRADAY
GVT&D,2025-09-29,2025-09-29,2936.536460860962,2975.5569794921876,342,13345.017371879127,1.3287939431811142,INTRADAY,SQUARE_OFF_INTRADAY
BHARATFORG,2025-09-29,2025-09-29,1191.3973722804421,1206.5276655273437,843,12754.83720713805,1.2699619454373023,INTRADAY,SQUARE_OFF_INTRADAY
APLAPOLLO,2025-09-29,2025-09-29,1667.2833019690984,1686.1127158203126,602,11335.307138430955,1.1293469939377585,INTRADAY,SQUARE_OFF_INTRADAY
UNOMINDA,2025-09-30,2025-09-30,1293.9253673624523,1293.2503569335938,781,-527.183144938499,-0.052167647832305826,INTRADAY,SQUARE_OFF_INTRADAY
PETRONET,2025-09-30,2025-09-30,270.08878570135863,268.16526190185544,3743,-7199.749581540427,-0.7121820309970429,INTRADAY,SQUARE_OFF_INTRADAY
IREDA,2025-10-01,2025-10-01,150.33105458603612,150.56781350708007,6720,1591.0199494153949,0.1574916917172678,INTRADAY,SQUARE_OFF_INTRADAY
APLAPOLLO,2025-10-01,2025-10-01,1692.2620079367202,1721.007995361328,596,17132.608505066277,1.6986723858237656,INTRADAY,SQUARE_OFF_INTRADAY
FORTIS,2025-09-29,2025-10-06,939.8170361237586,1050.67763671875,1068,118399.12143545071,11.795976911871255,SWING,MAX_HOLDING_DAYS
HUDCO,2025-10-01,2025-10-06,218.69831345485576,222.8886972067588,4619,19355.382550040085,1.9160567293391666,SWING,STOP_LOSS_HIT
JSL,2025-10-03,2025-10-06,764.1438554289502,755.3219266018582,1324,-11680.233767069876,-1.1544853451893404,SWING,STOP_LOSS_HIT
FEDERALBNK,2025-10-07,2025-10-07,194.01946956168754,198.0948985595703,5281,21522.340537818895,2.100525791091808,INTRADAY,SQUARE_OFF_INTRADAY
PETRONET,2025-10-07,2025-10-07,272.3121590325531,276.581501159668,3763,16065.534424333355,1.5678117871352653,INTRADAY,SQUARE_OFF_INTRADAY
GICRE,2025-10-06,2025-10-08,354.4546579518416,365.1309601184887,2891,30865.189563776697,3.012036074892723,SWING,STOP_LOSS_HIT
NATIONALUM,2025-10-08,2025-10-08,211.28883590304923,215.507102142334,4882,20593.575780188192,1.9964453972477412,INTRADAY,SQUARE_OFF_INTRADAY
FEDERALBNK,2025-10-08,2025-10-08,200.41680145928876,201.51632568359375,5147,5659.251182497762,0.548618786598256,INTRADAY,SQUARE_OFF_INTRADAY
BHARTIHEXA,2025-10-07,2025-10-09,1669.1823748210893,1706.3685085721738,613,22795.099989414815,2.227805320258687,SWING,STOP_LOSS_HIT
NMDC,2025-10-09,2025-10-09,74.45608744218195,76.3222921295166,13920,25977.569247698244,2.50645011233477,INTRADAY,SQUARE_OFF_INTRADAY
FORTIS,2025-10-06,2025-10-10,995.9254949268255,1046.7895108496223,1028,52288.208368635045,5.10721094920197,SWING,STOP_LOSS_HIT
SAIL,2025-10-09,2025-10-10,132.396,131.34678060913086,7828,-8213.289391723521,-0.7924857177476106,SWING,STOP_LOSS_HIT
TATACOMM,2025-10-10,2025-10-10,1691.3250605087453,1849.6402299804688,616,97522.14439458167,9.36042237936821,INTRADAY,SQUARE_OFF_INTRADAY
GODREJPROP,2025-10-10,2025-10-10,2043.1646664941388,2077.673240234375,510,17599.37260752047,1.6889766305253013,INTRADAY,SQUARE_OFF_INTRADAY
VOLTAS,2025-10-10,2025-10-10,1398.802689139558,1410.0358491210939,745,8368.704186244238,0.8030553607561133,INTRADAY,SQUARE_OFF_INTRADAY
SRF,2025-10-10,2025-10-10,3005.7540746197715,3007.175744140625,347,493.3193237361147,0.04729826478013502,INTRADAY,SQUARE_OFF_INTRADAY
PHOENIXLTD,2025-10-13,2025-10-13,1607.6855800028386,1617.5117893066406,656,6445.993303294104,0.6112021794575428,INTRADAY,SQUARE_OFF_INTRADAY
AUROPHARMA,2025-10-09,2025-10-14,1100.291,1118.758,942,17395.91400000009,1.6783741755590202,SWING,STOP_LOSS_HIT
IREDA,2025-10-14,2025-10-14,149.65710764901587,152.38236865234376,7071,19270.32055453149,1.8210033897750582,INTRADAY,SQUARE_OFF_INTRADAY
PREMIERENE,2025-10-14,2025-10-14,1037.3405929914777,1054.109236328125,1020,17104.016203380248,1.6165031475621685,INTRADAY,SQUARE_OFF_INTRADAY
WAAREEENER,2025-10-15,2025-10-15,3515.794224461442,3506.639658203125,302,-2764.6790100117696,-0.260384017773948,INTRADAY,SQUARE_OFF_INTRADAY
MEDANTA,2025-10-16,2025-10-16,1358.4829802080762,1392.7141166992187,781,26734.517599582276,2.5198060623401672,INTRADAY,SQUARE_OFF_INTRADAY
ICICIGI,2025-10-15,2025-10-17,1887.4626759592159,1982.0099600777057,562,53135.57367459131,5.009226689499466,SWING,STOP_LOSS_HIT
MAHABANK,2025-10-15,2025-10-17,54.39852922369373,55.59914597556629,19521,23437.239613304224,2.2070757592277337,SWING,STOP_LOSS_HIT
GODREJPROP,2025-10-15,2025-10-21,2063.8269768096543,2277.9023505859377,514,110034.74212100968,10.372738421474152,SWING,MAX_HOLDING_DAYS
ENDURANCE,2025-10-16,2025-10-23,2841.7329621560953,2911.15452511224,373,25894.242982642067,2.4429305596495263,SWING,STOP_LOSS_HIT
MAHABANK,2025-10-20,2025-10-23,56.20856772159309,57.93272596040282,19071,32881.421772340334,3.067429590715893,SWING,STOP_LOSS_HIT
APOLLOTYRE,2025-10-20,2025-10-23,488.66217525086296,500.02263428804815,2193,24913.48666854713,2.3248083466564835,SWING,STOP_LOSS_HIT
OIL,2025-10-23,2025-10-23,401.0144345803103,406.1675737915039,2721,14021.691793657797,1.2850258661104619,INTRADAY,SQUARE_OFF_INTRADAY
BALKRISIND,2025-10-23,2025-10-23,2315.89489831424,2327.5421298828123,471,5485.846068797578,0.5029257405873847,INTRADAY,SQUARE_OFF_INTRADAY
ITCHOTELS,2025-10-24,2025-10-24,221.51453529731475,220.05333508300782,4935,-7211.023057604688,-0.6596407826446776,INTRADAY,SQUARE_OFF_INTRADAY
ACC,2025-10-24,2025-10-24,1855.545647750302,1835.7777517089844,589,-11643.290768336006,-1.065341403230067,INTRADAY,SQUARE_OFF_INTRADAY
CRISIL,2025-10-20,2025-10-27,4750.759717618219,4962.618349609375,225,47668.192198010205,4.459468476283436,SWING,MAX_HOLDING_DAYS
NAUKRI,2025-10-23,2025-10-27,1319.6565675427098,1361.439115974275,826,34512.38500447281,3.1661683394920765,SWING,STOP_LOSS_HIT
INDUSTOWER,2025-10-27,2025-10-27,351.5603578551791,357.11749407958985,3127,17377.164973732342,1.580706157632232,INTRADAY,SQUARE_OFF_INTRADAY
LTF,2025-10-28,2025-10-28,266.56105202578823,265.08406481933594,4131,-6101.434149854422,-0.5540896523432849,INTRADAY,SQUARE_OFF_INTRADAY
CONCOR,2025-10-28,2025-10-28,535.6480145945295,532.1911141357422,2056,-7107.3873432667815,-0.6453679215826313,INTRADAY,SQUARE_OFF_INTRADAY
ASHOKLEY,2025-10-28,2025-10-28,138.50605299939548,136.54856018066405,7951,-15564.025401733554,-1.413290449291749,INTRADAY,SQUARE_OFF_INTRADAY
BHARATFORG,2025-10-23,2025-10-29,1267.4078123708948,1314.0616782226562,861,40168.978498366516,3.681046100267254,SWING,MAX_HOLDING_DAYS
NMDC,2025-10-29,2025-10-29,73.24906559051416,74.28832043457031,15051,15641.824657889047,1.4187960428955018,INTRADAY,SQUARE_OFF_INTRADAY
GODREJIND,2025-10-30,2025-10-30,1106.5095510253905,1094.6064487304689,997,-11867.392988036845,-1.0757342567799015,INTRADAY,SQUARE_OFF_INTRADAY
SAIL,2025-10-29,2025-10-31,133.77010510253905,135.229,8241,12022.752849975812,1.0905986029858281,SWING,STOP_LOSS_HIT
AUROPHARMA,2025-10-31,2025-10-31,1108.3149999999998,1136.6222243652344,996,28193.995467773624,2.554077528972771,INTRADAY,SQUARE_OFF_INTRADAY
FLUOROCHEM,2025-10-31,2025-10-31,3688.5974862672533,3733.640557128906,299,13467.878187634164,1.2211435655245464,INTRADAY,SQUARE_OFF_INTRADAY
UPL,2025-10-28,2025-11-03,677.4880374866718,722.14851171875,1625,72573.27062712703,6.5920683113104825,SWING,MAX_HOLDING_DAYS
HUDCO,2025-10-29,2025-11-03,220.54507171319887,228.34342964764315,4999,38983.99131428697,3.535947493120781,SWING,STOP_LOSS_HIT
AJANTPHARM,2025-11-03,2025-11-03,2441.0564013478347,2483.4581884765626,458,19420.018504957356,1.7370261131744276,INTRADAY,SQUARE_OFF_INTRADAY
BHEL,2025-10-29,2025-11-04,238.38633757303128,265.85790466308595,4624,127028.52622441277,11.523968768402494,SWING,MAX_HOLDING_DAYS
MFSL,2025-11-04,2025-11-04,1570.6979999999999,1589.2152243652345,722,13369.435991699378,1.1789169124322179,INTRADAY,SQUARE_OFF_INTRADAY
THERMAX,2025-11-04,2025-11-04,3215.4242292197378,3251.8753056640626,352,12830.778908402339,1.133631951674698,INTRADAY,SQUARE_OFF_INTRADAY
COROMANDEL,2025-11-04,2025-11-04,2150.884207275814,2153.8669829101564,527,1571.9227592984912,0.13867671835855358,INTRADAY,SQUARE_OFF_INTRADAY
INDUSTOWER,2025-11-03,2025-11-06,353.7835779609107,374.18950306819835,3164,64564.34703945815,5.767911903910445,SWING,STOP_LOSS_HIT
LICI,2025-11-07,2025-11-07,445.9122876324673,450.58853308105466,2563,11985.217084729347,1.0486917670323592,INTRADAY,SQUARE_OFF_INTRADAY
BAJAJHFL,2025-11-07,2025-11-07,110.32999999999998,109.281,10362,-10869.737999999774,-0.9507840116015394,INTRADAY,SQUARE_OFF_INTRADAY
UNOMINDA,2025-11-07,2025-11-07,1237.885386162902,1224.445615234375,923,-12404.908567030392,-1.0857039818675374,INTRADAY,SQUARE_OFF_INTRADAY
IPCALAB,2025-11-10,2025-11-10,1323.3775113564054,1337.4670441894532,863,12159.266834920225,1.0646646714289862,INTRADAY,SQUARE_OFF_INTRADAY
ASTRAL,2025-11-06,2025-11-11,1483.1925478273065,1547.8715966467958,770,49802.867591006725,4.360799204003287,SWING,STOP_LOSS_HIT
MPHASIS,2025-11-11,2025-11-11,2720.421500372693,2699.5705078125,422,-8799.118860401419,-0.7664618353198718,INTRADAY,SQUARE_OFF_INTRADAY
HUDCO,2025-11-11,2025-11-11,228.41822165623674,223.12081149291993,5027,-26630.080890993613,-2.319171441273749,INTRADAY,SQUARE_OFF_INTRADAY
NAUKRI,2025-11-12,2025-11-12,1342.165486556286,1364.0156472167969,852,18616.33688275532,1.6279781352874636,INTRADAY,SQUARE_OFF_INTRADAY
AIAENG,2025-11-10,2025-11-14,3327.481828161756,3671.81158203125,343,118105.1055772365,10.348058130785247,SWING,MAX_HOLDING_DAYS
KPITTECH,2025-11-10,2025-11-14,1147.443676403154,1215.3832165341337,995,67599.8424303247,5.920947714309339,SWING,STOP_LOSS_HIT
KPRMILL,2025-11-11,2025-11-14,1051.0086675821747,1072.7801663455432,1092,23774.47664959843,2.0714861289824986,SWING,STOP_LOSS_HIT
GLENMARK,2025-11-14,2025-11-14,1893.7856530500997,1889.928266845703,616,-2376.149901908282,-0.2036865258844854,INTRADAY,SQUARE_OFF_INTRADAY
HEROMOTOCO,2025-11-14,2025-11-14,5353.437905307688,5343.151168945313,218,-2242.508526997848,-0.19215196933874254,INTRADAY,SQUARE_OFF_INTRADAY
APARINDS,2025-11-12,2025-11-18,8595.95613831518,9266.195119140624,133,89141.78444978414,7.797142866259583,SWING,MAX_HOLDING_DAYS
IPCALAB,2025-11-14,2025-11-18,1309.084138919251,1424.788222317154,891,103092.33830753146,8.838552080649716,SWING,STOP_LOSS_HIT
ASHOKLEY,2025-11-13,2025-11-19,141.8952492790708,144.2551289572315,8081,19070.187679216575,1.6631139450760817,SWING,STOP_LOSS_HIT
HUDCO,2025-11-17,2025-11-19,222.29467705704724,230.6065408745712,5250,43637.28504200085,3.739119590070484,SWING,STOP_LOSS_HIT
LGEINDIA,2025-11-19,2025-11-19,1654.9499999999998,1664.7637756347656,720,7065.918457031348,0.5929952950098651,INTRADAY,SQUARE_OFF_INTRADAY
KPRMILL,2025-11-18,2025-11-20,1087.8355069830727,1091.4492797178145,1090,3939.0122808685783,0.33219845386036356,SWING,STOP_LOSS_HIT
360ONE,2025-11-20,2025-11-20,1125.7518082676788,1133.2374060058594,1060,7934.733602471392,0.6649421020872702,INTRADAY,SQUARE_OFF_INTRADAY
MPHASIS,2025-11-20,2025-11-20,2673.339288135796,2663.5114228515627,446,-4383.227916768013,-0.367625064571826,INTRADAY,SQUARE_OFF_INTRADAY
BALKRISIND,2025-11-20,2025-11-20,2330.8347479994572,2283.176205566406,512,-24401.173725722125,-2.044698470106304,INTRADAY,SQUARE_OFF_INTRADAY
HEROMOTOCO,2025-11-17,2025-11-21,5418.883207148216,5790.785356445313,215,79958.96209887584,6.863077410609429,SWING,MAX_HOLDING_DAYS
LTTS,2025-11-19,2025-11-21,4051.5689341656102,4223.811564720914,294,50639.33338325938,4.251257558592571,SWING,STOP_LOSS_HIT
INDUSINDBK,2025-11-21,2025-11-21,833.3468228392046,843.4906682128906,1445,14657.856564976217,1.2172417408547835,INTRADAY,SQUARE_OFF_INTRADAY
TATACOMM,2025-11-21,2025-11-21,1913.3761991379263,1899.7830295410156,629,-8550.10367645682,-0.7104284877712549,INTRADAY,SQUARE_OFF_INTRADAY
AWL,2025-11-21,2025-11-21,280.0790300964827,272.1302469482422,4301,-34187.71632058249,-2.8380500837575364,INTRADAY,SQUARE_OFF_INTRADAY
ICICIGI,2025-11-24,2025-11-24,2009.1036405715108,1985.964447265625,598,-13837.237596919698,-1.1517172553280326,INTRADAY,SQUARE_OFF_INTRADAY
PHOENIXLTD,2025-11-25,2025-11-25,1692.8278037698346,1725.9504831542968,709,23483.979683583642,1.9566478829506302,INTRADAY,SQUARE_OFF_INTRADAY
OFSS,2025-11-26,2025-11-26,7917.532489545913,7933.850012695312,151,2463.9459955592138,0.20609354203401076,INTRADAY,SQUARE_OFF_INTRADAY
LAURUSLABS,2025-11-26,2025-11-26,982.9643195228246,983.6474150390625,1223,835.4258163589845,0.06949341931043157,INTRADAY,SQUARE_OFF_INTRADAY
BHARTIHEXA,2025-11-28,2025-11-28,1745.3745590232363,1745.5580400390625,689,126.41841990421472,0.010512414935670176,INTRADAY,SQUARE_OFF_INTRADAY
ABCAPITAL,2025-11-25,2025-12-01,334.95186224365233,355.3878060913086,3584,73242.42275000014,6.101158450282231,SWING,MAX_HOLDING_DAYS
SRF,2025-11-28,2025-12-02,2857.1651034435195,2879.411791489373,421,9365.855667304415,0.7786280190473245,SWING,STOP_LOSS_HIT
NAUKRI,2025-12-02,2025-12-02,1371.866368769966,1376.5433979492188,883,4129.816765280347,0.3409245452562868,INTRADAY,SQUARE_OFF_INTRADAY
YESBANK,2025-12-02,2025-12-02,22.65777015304565,22.66457908630371,53469,364.06685237523874,0.030051206328197657,INTRADAY,SQUARE_OFF_INTRADAY
APOLLOTYRE,2025-12-03,2025-12-03,516.6904608999545,527.4184520263672,2345,25157.139191437756,2.0762897591968366,INTRADAY,SQUARE_OFF_INTRADAY
BIOCON,2025-12-03,2025-12-03,402.72436935737414,408.6912333984375,3009,17954.293899559565,1.481624777409084,INTRADAY,SQUARE_OFF_INTRADAY
MANKIND,2025-12-03,2025-12-03,2234.6839999999997,2201.1888974609374,542,-18154.345576171807,-1.4988742273655864,INTRADAY,SQUARE_OFF_INTRADAY
BALKRISIND,2025-12-02,2025-12-04,2302.2978679000817,2373.1252067530186,526,37255.18023664482,3.0763759911543636,SWING,STOP_LOSS_HIT
PERSISTENT,2025-12-04,2025-12-04,6354.19776807034,6393.873150390625,191,7577.998023174315,0.6243964032667038,INTRADAY,SQUARE_OFF_INTRADAY
YESBANK,2025-12-04,2025-12-04,22.557469770431517,22.714480228424073,54002,8478.878752513983,0.69604640764438,INTRADAY,SQUARE_OFF_INTRADAY
SBICARD,2025-12-05,2025-12-05,859.168821557437,880.2957557373047,1419,29979.119601232273,2.458996840873529,INTRADAY,SQUARE_OFF_INTRADAY
PETRONET,2025-12-04,2025-12-08,269.159257248914,270.0373972693275,4525,3973.5835923712016,0.32625295127837123,SWING,STOP_LOSS_HIT
UPL,2025-12-12,2025-12-12,743.8460987501462,739.6931860351563,1644,-6827.388503443482,-0.5583026814240095,INTRADAY,SQUARE_OFF_INTRADAY
SWIGGY,2025-12-12,2025-12-16,405.96424999999994,408.58119390869143,3012,7882.235052978787,0.6446242270573078,SWING,STOP_LOSS_HIT
NAM-INDIA,2025-12-18,2025-12-18,874.0995794990803,903.9494034423828,1399,41759.90369668029,3.4149225835812196,INTRADAY,SQUARE_OFF_INTRADAY
SWIGGY,2025-12-18,2025-12-18,401.19999999999993,409.8786121826172,3049,26461.08854480002,2.163163554989347,INTRADAY,SQUARE_OFF_INTRADAY
ICICIPRULI,2025-12-18,2025-12-18,631.7537042149778,642.1302800292968,1936,20089.05077652166,1.6425033593135883,INTRADAY,SQUARE_OFF_INTRADAY
HDBFS,2025-12-19,2025-12-19,750.1078558412505,769.1078715820313,1642,31198.025846362045,2.532971171122071,INTRADAY,SQUARE_OFF_INTRADAY
HEXT,2025-12-19,2025-12-22,748.4866472532634,736.0379801457343,1646,-20490.506058992905,-1.6631782481641095,SWING,STOP_LOSS_HIT
AJANTPHARM,2025-12-22,2025-12-22,2631.834100529203,2670.9303930664064,468,18297.06490741111,1.4855150835435194,INTRADAY,SQUARE_OFF_INTRADAY
LENSKART,2025-12-19,2025-12-23,419.25399999999996,453.7406939086914,2938,101321.90670373548,8.225728057142318,SWING,STOP_LOSS_HIT
IREDA,2025-12-23,2025-12-23,134.98871730595712,136.810791015625,9223,16804.98582426682,1.3497970393615015,INTRADAY,SQUARE_OFF_INTRADAY
TATAELXSI,2025-12-19,2025-12-24,5040.947654350812,5296.708168492468,244,62405.5654505641,5.073659392612632,SWING,STOP_LOSS_HIT
THERMAX,2025-12-24,2025-12-24,2940.8212207968163,2982.4182294921875,426,17720.325704228126,1.41446914219765,INTRADAY,SQUARE_OFF_INTRADAY
PRESTIGE,2025-12-24,2025-12-24,1614.8031617324507,1612.733766845703,775,-1603.781037229436,-0.12815152557216308,INTRADAY,SQUARE_OFF_INTRADAY
KEI,2025-12-19,2025-12-26,4107.436637369106,4373.048289536352,299,79417.88399800645,6.46660376329932,SWING,STOP_LOSS_HIT
RVNL,2025-12-22,2025-12-29,319.0108955185882,364.5800171508789,3865,176124.65510880362,14.284503216798589,SWING,MAX_HOLDING_DAYS
HUDCO,2025-12-29,2025-12-29,217.59779292882047,220.20334878540038,5883,15328.48510425962,1.1974183292531044,INTRADAY,SQUARE_OFF_INTRADAY
CONCOR,2025-12-29,2025-12-29,521.3676694705064,513.8764375,2455,-18390.97448759326,-1.4368424452007944,INTRADAY,SQUARE_OFF_INTRADAY
3MINDIA,2025-12-30,2025-12-30,34104.571620239774,34716.6424140625,37,22646.61937144093,1.7946884090445134,INTRADAY,SQUARE_OFF_INTRADAY
FEDERALBNK,2025-12-30,2025-12-30,263.3406985853561,266.1555260009766,4860,13680.061239915487,1.0688919072294882,INTRADAY,SQUARE_OFF_INTRADAY
LUPIN,2025-12-30,2025-12-30,2082.8727056364555,2061.2932241210938,614,-13249.801650432113,-1.0360441834474847,INTRADAY,SQUARE_OFF_INTRADAY
ABBOTINDIA,2025-12-30,2025-12-30,28466.02539707242,27968.18005859375,44,-21905.194893061474,-1.748910610224744,INTRADAY,SQUARE_OFF_INTRADAY
BDL,2025-12-30,2025-12-30,1479.1734887277973,1446.5404523925781,865,-28227.576429964636,-2.2061669292955046,INTRADAY,SQUARE_OFF_INTRADAY
BHEL,2025-12-31,2025-12-31,283.7361007508819,285.95267486572266,4501,9976.800090898167,0.7812097611036369,INTRADAY,SQUARE_OFF_INTRADAY
SUPREMEIND,2026-01-01,2026-01-01,3353.388108961665,3453.0137265625,381,37957.36030591817,2.970894342190619,INTRADAY,SQUARE_OFF_INTRADAY
INDUSTOWER,2026-01-01,2026-01-05,406.99608462402085,416.22029842650664,3140,28964.031339805388,2.266413400759625,SWING,STOP_LOSS_HIT
JKCEMENT,2026-01-05,2026-01-05,5594.972645084962,5728.157932617188,229,30499.43084487967,2.3804457319237375,INTRADAY,SQUARE_OFF_INTRADAY
SJVN,2026-01-02,2026-01-06,73.64194150245743,81.91611486121813,17408,144036.80982930638,11.235680632462138,SWING,STOP_LOSS_HIT
IREDA,2026-01-02,2026-01-06,138.80448341534077,141.6528745471716,9236,26307.74049358948,2.0520887090567976,SWING,STOP_LOSS_HIT
DABUR,2026-01-02,2026-01-06,496.51297252763106,512.2151413807886,2582,40542.999978852815,3.162489143681685,SWING,STOP_LOSS_HIT
APOLLOTYRE,2026-01-06,2026-01-06,504.90470501647707,511.9467109375,2592,18252.87934729137,1.3947198057489079,INTRADAY,SQUARE_OFF_INTRADAY
AUROPHARMA,2026-01-06,2026-01-06,1213.6299999999999,1228.8374487304689,1078,16393.629731445548,1.2530547803258794,INTRADAY,SQUARE_OFF_INTRADAY
MFSL,2026-01-06,2026-01-06,1719.1419999999998,1727.8374487304689,761,6617.236483886928,0.5058016574819896,INTRADAY,SQUARE_OFF_INTRADAY
LUPIN,2026-01-07,2026-01-07,2151.8803164943597,2193.963630859375,610,25670.82176265928,1.9556531114877884,INTRADAY,SQUARE_OFF_INTRADAY
ALKEM,2026-01-07,2026-01-07,5636.417757548282,5738.274865234375,232,23630.848983173695,1.8071248808640317,INTRADAY,SQUARE_OFF_INTRADAY
NAUKRI,2026-01-07,2026-01-07,1337.045910629115,1349.5407487792968,982,12269.931063478478,0.9345107786390522,INTRADAY,SQUARE_OFF_INTRADAY
VOLTAS,2026-01-02,2026-01-08,1388.8040923061387,1474.8022335317992,923,79376.28435128459,6.192244226675536,SWING,STOP_LOSS_HIT
OIL,2026-01-09,2026-01-09,406.1806161913683,412.05250885009764,3267,19183.473316068743,1.445635863618575,INTRADAY,SQUARE_OFF_INTRADAY
POWERINDIA,2026-01-09,2026-01-09,18551.071441983197,17840.97895703125,71,-50416.56643158823,-3.8277707418285636,INTRADAY,SQUARE_OFF_INTRADAY
IPCALAB,2026-01-06,2026-01-12,1418.8325098793805,1513.004549075263,922,86826.62013860363,6.63729076830135,SWING,STOP_LOSS_HIT
LINDEINDIA,2026-01-12,2026-01-12,5986.2833652660465,6082.474734375,222,21354.483942187573,1.606862943827218,INTRADAY,SQUARE_OFF_INTRADAY
IDEA,2026-01-12,2026-01-12,11.42417034435272,11.2275,116666,-22944.742394254616,-1.7215284648652067,INTRADAY,SQUARE_OFF_INTRADAY
APOLLOTYRE,2026-01-13,2026-01-13,503.3200845722816,512.9321628417969,2647,25443.171179406945,1.9097346925234597,INTRADAY,SQUARE_OFF_INTRADAY
BSE,2026-01-12,2026-01-14,2700.9842559135377,2791.0389026416847,493,44396.94083697645,3.334141860730259,SWING,STOP_LOSS_HIT
IREDA,2026-01-12,2026-01-14,138.74502904405188,136.3374381693705,9606,-23127.31794218929,-1.7352627991572653,SWING,STOP_LOSS_HIT
INDIANB,2026-01-14,2026-01-14,805.3048686366849,827.0880533447265,1660,36160.08661534911,2.7049612583267724,INTRADAY,SQUARE_OFF_INTRADAY
LAURUSLABS,2026-01-14,2026-01-14,1065.1285846245585,1087.2365744628905,1255,27745.527247106736,2.0756169872320895,INTRADAY,SQUARE_OFF_INTRADAY
LICHSGFIN,2026-01-14,2026-01-14,514.0471716569555,523.6651704101563,2601,25016.41475707534,1.871034271465519,INTRADAY,SQUARE_OFF_INTRADAY
GROWW,2026-01-16,2026-01-16,167.50099999999998,172.88353573608399,8037,43259.43971090718,3.2134349861099394,INTRADAY,SQUARE_OFF_INTRADAY
MPHASIS,2026-01-16,2026-01-16,2740.446150606093,2805.5122524414064,491,31947.456001138915,2.3742886471578024,INTRADAY,SQUARE_OFF_INTRADAY
PERSISTENT,2026-01-16,2026-01-16,6283.983471246387,6345.3151875,214,13124.987278273224,0.9760005979367806,INTRADAY,SQUARE_OFF_INTRADAY
MARICO,2026-01-16,2026-01-16,756.9628979972782,755.1763178710937,1778,-3176.5394643560476,-0.2360195104557063,INTRADAY,SQUARE_OFF_INTRADAY
OFSS,2026-01-16,2026-01-20,7395.3846810875,7651.52030333867,182,46616.68324971285,3.4634523192038262,SWING,STOP_LOSS_HIT
AUBANK,2026-01-21,2026-01-21,1011.0451741711053,991.9469448242188,1344,-25668.020242215396,-1.8889590529467624,INTRADAY,SQUARE_OFF_INTRADAY
SAIL,2026-01-22,2026-01-22,148.49415306091308,151.3466939086914,9137,26063.66572615059,1.9209785631143346,INTRADAY,SQUARE_OFF_INTRADAY
GICRE,2026-01-22,2026-01-22,358.7519735252161,363.88186181640623,3782,19401.23751728106,1.4299261522611681,INTRADAY,SQUARE_OFF_INTRADAY
ALKEM,2026-01-22,2026-01-22,5641.880672456383,5690.839165039062,240,11750.038219843045,0.8677690193217722,INTRADAY,SQUARE_OFF_INTRADAY
DABUR,2026-01-22,2026-01-22,515.8704826299293,517.5845216064453,2630,4507.922508237101,0.33226149474142536,INTRADAY,SQUARE_OFF_INTRADAY
INDIANB,2026-01-22,2026-01-27,844.2934056542672,851.6152942317896,1607,11766.274944078452,0.8672208652214252,SWING,STOP_LOSS_HIT
KPRMILL,2026-01-27,2026-01-27,868.2224829525882,894.1324068603516,1571,40704.49045909632,2.984249361943591,INTRADAY,SQUARE_OFF_INTRADAY
BHARATFORG,2026-01-28,2026-01-28,1423.024648451341,1450.1190961914062,961,26037.764278202787,1.9040041062923168,INTRADAY,SQUARE_OFF_INTRADAY
NLCINDIA,2026-01-29,2026-01-29,252.75599999999997,263.8711939086914,5423,60277.69656683359,4.39759843829283,INTRADAY,SQUARE_OFF_INTRADAY
RVNL,2026-01-29,2026-01-29,347.4183815130799,338.6448393554688,3945,-34611.62381177591,-2.52535347133923,INTRADAY,SQUARE_OFF_INTRADAY
NMDC,2026-01-29,2026-01-30,79.6248963381679,79.19889974139925,17216,-7333.957409969172,-0.5350042717285843,SWING,STOP_LOSS_HIT
BIOCON,2026-02-02,2026-02-02,370.56652830743514,368.96843951416014,3704,-5919.320890290587,-0.4312555698363468,INTRADAY,SQUARE_OFF_INTRADAY
SUPREMEIND,2026-02-03,2026-02-03,3622.097332657558,3646.8518359375,378,9357.202239817952,0.6834300960592663,INTRADAY,SQUARE_OFF_INTRADAY
ABCAPITAL,2026-02-04,2026-02-04,354.05899999999997,345.90680609130857,3877,-31606.055783996566,-2.3024958859092415,INTRADAY,SQUARE_OFF_INTRADAY
NYKAA,2026-02-05,2026-02-05,253.80915306091305,257.77342852783204,5397,21395.194694961796,1.5619119401763981,INTRADAY,SQUARE_OFF_INTRADAY
UNOMINDA,2026-02-05,2026-02-05,1209.2650030623315,1225.541076171875,1132,18424.514760003134,1.3459475853783933,INTRADAY,SQUARE_OFF_INTRADAY
NLCINDIA,2026-02-04,2026-02-06,254.76199999999997,258.2823878173828,5389,18971.369947876126,1.3818339538011322,SWING,STOP_LOSS_HIT
LINDEINDIA,2026-02-09,2026-02-09,6101.933792135664,6269.282986328125,225,37653.56869330378,2.742559980053297,INTRADAY,SQUARE_OFF_INTRADAY
3MINDIA,2026-02-09,2026-02-09,34954.83849394014,35892.2279375,39,36558.18829883466,2.6817158480717094,INTRADAY,SQUARE_OFF_INTRADAY
NIACL,2026-02-09,2026-02-09,149.728313293023,151.41694192504883,8006,13519.160827998756,1.1277951343251464,INTRADAY,SQUARE_OFF_INTRADAY
ASTRAL,2026-02-10,2026-02-10,1501.6366589137301,1526.734235595703,922,23139.96570077901,1.671348160887884,INTRADAY,SQUARE_OFF_INTRADAY
ANTHEM,2026-02-05,2026-02-11,611.2393976395254,688.9694583740235,2241,174193.0661060103,12.716794930869124,SWING,MAX_HOLDING_DAYS
LICI,2026-02-06,2026-02-11,415.2619375070896,433.304134054774,3312,59755.754965930726,4.344774928324937,SWING,STOP_LOSS_HIT
SWIGGY,2026-02-10,2026-02-12,336.0551377563476,339.7191939086914,4119,15092.247291504069,1.0903139814515692,SWING,STOP_LOSS_HIT
TIINDIA,2026-02-10,2026-02-12,2385.839662518098,2418.4327674178976,580,18904.000841883724,1.366106256503408,SWING,STOP_LOSS_HIT
GODREJIND,2026-02-12,2026-02-12,1027.072,1009.1776121826172,1376,-24622.677636718625,-1.7422719943083567,INTRADAY,SQUARE_OFF_INTRADAY
SJVN,2026-02-11,2026-02-13,71.71640926339464,76.29538031152516,19664,90040.88669043867,6.384830327063957,SWING,STOP_LOSS_HIT
IPCALAB,2026-02-17,2026-02-17,1509.290022063661,1483.466452392578,940,-24274.15549081788,-1.7109746499068574,INTRADAY,SQUARE_OFF_INTRADAY
GMRAIRPORT,2026-02-16,2026-02-18,95.43545153045653,98.92176274108887,14881,51879.797125419806,3.6530567569219734,SWING,STOP_LOSS_HIT
TATAINVEST,2026-02-19,2026-02-19,644.9128369593998,687.3703680419922,2206,93661.31356819876,6.583452623267486,INTRADAY,SQUARE_OFF_INTRADAY
GODREJIND,2026-02-19,2026-02-19,991.5156377563476,1024.0477756347657,1272,41380.87938134782,3.2810514166002953,INTRADAY,SQUARE_OFF_INTRADAY
GODFRYPHLP,2026-02-18,2026-02-20,2059.820683237235,2436.0137882701933,690,259573.2424727414,18.263390988080076,SWING,STOP_LOSS_HIT
SCHAEFFLER,2026-02-23,2026-02-23,3881.66766691607,3910.1274521484374,376,10700.879247370092,0.7331844885880754,INTRADAY,SQUARE_OFF_INTRADAY
SAIL,2026-02-25,2026-02-25,162.03465306091306,164.6001326904297,9031,23168.84653416469,1.5832907227271935,INTRADAY,SQUARE_OFF_INTRADAY
ALKEM,2026-02-25,2026-02-25,5515.1547925507375,5603.720782226563,265,23469.987264093685,1.6058658914787014,INTRADAY,SQUARE_OFF_INTRADAY
JSWENERGY,2026-02-26,2026-02-26,491.7033856917118,495.9658887329102,2985,12723.571577977182,0.8668850297221444,INTRADAY,SQUARE_OFF_INTRADAY
MANKIND,2026-02-25,2026-03-02,2073.7025,2230.53,705,110563.38750000023,7.562680760620211,SWING,STOP_LOSS_HIT
NATIONALUM,2026-03-04,2026-03-04,363.35689605304356,369.96509942626955,4074,26921.820542522684,1.8186536281566297,INTRADAY,SQUARE_OFF_INTRADAY
COCHINSHIP,2026-03-06,2026-03-06,1460.729979794632,1485.6473845214844,1015,25291.165797755068,1.7058186709055896,INTRADAY,SQUARE_OFF_INTRADAY
RADICO,2026-03-11,2026-03-11,2772.1593762839734,2881.8180751953123,535,58667.403917566306,3.955714085181288,INTRADAY,SQUARE_OFF_INTRADAY
SUPREMEIND,2026-03-11,2026-03-11,3947.5763007991322,4001.62719140625,376,20323.13486827626,1.3692171218115747,INTRADAY,SQUARE_OFF_INTRADAY
MANKIND,2026-03-10,2026-03-12,2196.5699999999997,2217.8554487304687,676,14388.963341797005,0.9690312045811854,SWING,STOP_LOSS_HIT
ASTRAL,2026-03-11,2026-03-12,1684.196504183326,1671.4163804600914,882,-11272.069123892838,-0.758826163781384,SWING,STOP_LOSS_HIT
NHPC,2026-03-16,2026-03-16,75.21975848339036,74.91445365905761,19860,-6063.353811248434,-0.4058838136261323,INTRADAY,SQUARE_OFF_INTRADAY
LENSKART,2026-03-16,2026-03-16,502.40269387817375,497.7026121826172,2973,-13973.342880889619,-0.9355207989183788,INTRADAY,SQUARE_OFF_INTRADAY
AJANTPHARM,2026-03-17,2026-03-17,2962.5029135308187,2987.1935717773435,503,12419.40109800202,0.8334391211483287,INTRADAY,SQUARE_OFF_INTRADAY
LLOYDSME,2026-03-20,2026-03-20,1203.8834671743753,1242.5657963867188,1240,47966.08822330603,3.2131290334216938,INTRADAY,SQUARE_OFF_INTRADAY
BHEL,2026-03-20,2026-03-20,253.9928351190904,260.6849826660156,5878,39336.44328082657,2.634778080959439,INTRADAY,SQUARE_OFF_INTRADAY
NLCINDIA,2026-03-20,2026-03-20,262.78599999999994,265.8173060913086,5681,17220.84990472436,1.1535264783164387,INTRADAY,SQUARE_OFF_INTRADAY
BHARTIHEXA,2026-03-20,2026-03-20,1587.1369782423608,1563.7268745117187,940,-22005.497506803527,-1.474989496909526,INTRADAY,SQUARE_OFF_INTRADAY
NAM-INDIA,2026-03-25,2026-03-25,853.2640924578765,858.4878354492188,1759,9188.563921771116,0.6122070572892635,INTRADAY,SQUARE_OFF_INTRADAY
FLUOROCHEM,2026-03-25,2026-03-25,3238.4481655872178,3247.936178222656,463,4392.949850207924,0.2929802223256474,INTRADAY,SQUARE_OFF_INTRADAY
INDUSTOWER,2026-03-25,2026-03-25,417.3872573615017,411.5074585571289,3597,-21149.63629932895,-1.40871545565184,INTRADAY,SQUARE_OFF_INTRADAY
LINDEINDIA,2026-03-24,2026-03-27,6908.9833537997365,7255.13219593615,217,75114.2987436018,5.010127024637311,SWING,STOP_LOSS_HIT
LICHSGFIN,2026-03-27,2026-03-27,491.62892553879607,495.0971767578125,3067,10637.126488723457,0.7054611799367694,INTRADAY,SQUARE_OFF_INTRADAY
NATIONALUM,2026-03-30,2026-03-30,378.2893711331854,382.44585571289065,3989,16580.21698844424,1.09875796067288,INTRADAY,SQUARE_OFF_INTRADAY
THERMAX,2026-03-30,2026-03-30,3255.3812174664786,3240.9421376953123,463,-6685.293934049967,-0.44354497389413405,INTRADAY,SQUARE_OFF_INTRADAY
AUROPHARMA,2026-04-01,2026-04-01,1336.1965510253906,1339.4157756347656,1130,3637.723808593787,0.2409244812751998,INTRADAY,SQUARE_OFF_INTRADAY
GICRE,2026-04-01,2026-04-02,353.0544293265629,351.2944371564405,4277,-7527.486511613574,-0.4985044865403701,SWING,STOP_LOSS_HIT
ANTHEM,2026-04-08,2026-04-08,680.266377497707,687.5260618896484,2219,16109.239665717947,1.0671825967123976,INTRADAY,SQUARE_OFF_INTRADAY
AUROPHARMA,2026-04-08,2026-04-08,1366.7880510253906,1333.0285512695311,1104,-37270.487730468834,-2.4699879202581867,INTRADAY,SQUARE_OFF_INTRADAY
LUPIN,2026-04-08,2026-04-08,2325.44477730393,2273.030765625,649,-34016.69357962551,-2.2539349113117866,INTRADAY,SQUARE_OFF_INTRADAY
NMDC,2026-04-06,2026-04-09,78.9160403060913,82.43479847717285,19131,67317.362570961,4.458863061848202,SWING,STOP_LOSS_HIT
GVT&D,2026-04-09,2026-04-09,3763.969538124868,3893.839536621094,401,52077.869396986585,3.4503466933190023,INTRADAY,SQUARE_OFF_INTRADAY
PIIND,2026-04-09,2026-04-09,2883.7053545422414,2864.6561787109376,523,-9962.71895977185,-0.6605798266212808,INTRADAY,SQUARE_OFF_INTRADAY
LUPIN,2026-04-09,2026-04-09,2290.492680308011,2274.0214560546874,659,-10854.536782940335,-0.7191127216834754,INTRADAY,SQUARE_OFF_INTRADAY
LENSKART,2026-04-10,2026-04-10,518.5509999999999,546.4548878173828,2919,81451.4485389405,5.381126989897395,INTRADAY,SQUARE_OFF_INTRADAY
SCHAEFFLER,2026-04-10,2026-04-10,3879.7775771510624,3865.8809174804687,390,-5419.697271531518,-0.35818186466240715,INTRADAY,SQUARE_OFF_INTRADAY
SUNDARMFIN,2026-04-10,2026-04-10,4914.6617888777855,4896.81369921875,308,-5497.211614982902,-0.36316007948760254,INTRADAY,SQUARE_OFF_INTRADAY
360ONE,2026-04-15,2026-04-15,1024.0860753179843,1047.8055847167968,1485,35223.471457236614,2.3161636478112935,INTRADAY,SQUARE_OFF_INTRADAY
DABUR,2026-04-15,2026-04-15,425.96446935929293,426.8459218139648,3571,3147.666715633309,0.20693098088620127,INTRADAY,SQUARE_OFF_INTRADAY
EXIDEIND,2026-04-10,2026-04-16,312.2420751771347,324.78957430087,4849,60842.823250992435,4.01851644004643,SWING,STOP_LOSS_HIT
NLCINDIA,2026-04-16,2026-04-16,278.1820561218261,297.1545,5504,104424.33110546894,6.8201537304998325,INTRADAY,SQUARE_OFF_INTRADAY
NIACL,2026-04-10,2026-04-17,130.3295863232803,166.29433741482597,11617,417802.51343048614,27.595231525047375,SWING,STOP_LOSS_HIT
RVNL,2026-04-15,2026-04-20,277.96759247455606,297.32556384641885,5472,105926.81934683317,6.964110887723263,SWING,STOP_LOSS_HIT
POLICYBZR,2026-04-16,2026-04-21,1494.4699999999998,1578.9357756347656,1024,86492.95425000018,5.651888337321313,SWING,STOP_LOSS_HIT
3MINDIA,2026-04-22,2026-04-22,31341.204800835254,32021.15746875,51,34677.58606365203,2.1695166865334565,INTRADAY,SQUARE_OFF_INTRADAY
FLUOROCHEM,2026-04-24,2026-04-24,3337.7798892386827,3374.2991567382815,481,17565.767667307002,1.0941185072550865,INTRADAY,SQUARE_OFF_INTRADAY
OIL,2026-04-28,2026-04-28,480.2572810244038,495.1929625854492,3347,49989.7261848189,3.1099333942813128,INTRADAY,SQUARE_OFF_INTRADAY
BHARTIHEXA,2026-04-29,2026-04-29,1511.9369617992895,1507.4599951171874,1066,-4772.446483120841,-0.29610802534877256,INTRADAY,SQUARE_OFF_INTRADAY
360ONE,2026-05-04,2026-05-04,1044.1229999999998,1064.367,1544,31256.73600000022,1.938852031800865,INTRADAY,SQUARE_OFF_INTRADAY
AJANTPHARM,2026-05-04,2026-05-04,2850.8884105159736,2868.619427734375,565,10018.02472839689,0.621947079829494,INTRADAY,SQUARE_OFF_INTRADAY
GLAXO,2026-05-04,2026-05-04,2290.7146856018426,2286.9837607421873,703,-2622.8401763376482,-0.16287165237581866,INTRADAY,SQUARE_OFF_INTRADAY
ENDURANCE,2026-05-05,2026-05-05,2368.3607620424455,2333.495774902344,682,-23777.92122954934,-1.4721147089953701,INTRADAY,SQUARE_OFF_INTRADAY
HINDPETRO,2026-05-06,2026-05-06,361.51233034390526,378.8820747070312,4464,77538.53883699428,4.804744653274258,INTRADAY,SQUARE_OFF_INTRADAY
LTF,2026-05-06,2026-05-06,292.8696896058323,296.64520568847655,5510,20803.09361536971,1.289145383301913,INTRADAY,SQUARE_OFF_INTRADAY
ABCAPITAL,2026-05-05,2026-05-08,348.2416122436523,367.3638060913086,4641,88746.10164697298,5.491070904610101,SWING,STOP_LOSS_HIT
LICHSGFIN,2026-05-06,2026-05-08,551.3126502644918,567.6423042346889,2927,47796.897170766955,2.961958874399667,SWING,STOP_LOSS_HIT
LUPIN,2026-05-06,2026-05-08,2352.330689800508,2408.078664127889,686,38243.11038858347,2.3699037966515206,SWING,STOP_LOSS_HIT
INDUSTOWER,2026-05-08,2026-05-08,390.4185269611199,388.8569884643555,4203,-6563.146301900769,-0.39996526520369413,INTRADAY,SQUARE_OFF_INTRADAY
ICICIGI,2026-05-08,2026-05-08,1856.5248878240604,1817.4432783203124,883,-34509.061191809524,-2.1050948339051696,INTRADAY,SQUARE_OFF_INTRADAY
ENDURANCE,2026-05-07,2026-05-11,2372.356207094055,2490.930589626437,684,81104.87765214902,4.998169422357768,SWING,STOP_LOSS_HIT
BHARATFORG,2026-05-07,2026-05-11,1887.3360193419355,1965.1874534785757,860,66952.23335751051,4.124937654916631,SWING,STOP_LOSS_HIT
HEXT,2026-05-08,2026-05-13,469.0028061218261,484.32938781738284,3499,53627.70935275303,3.267908314300272,SWING,STOP_LOSS_HIT
NMDC,2026-05-14,2026-05-14,92.276,93.02357908630371,17959,13425.772810928438,0.8101554968829557,INTRADAY,SQUARE_OFF_INTRADAY
HINDPETRO,2026-05-13,2026-05-15,355.2168399073826,352.06989991231364,4665,-14680.475076996774,-0.8859208352536138,SWING,STOP_LOSS_HIT
PATANJALI,2026-05-15,2026-05-15,451.39268171497037,455.9341436767578,3671,16671.70686172167,1.006100042325258,INTRADAY,SQUARE_OFF_INTRADAY
SJVN,2026-05-15,2026-05-15,77.52019167072152,76.85579177856445,21375,-14201.547694857247,-0.8570668852048263,INTRADAY,SQUARE_OFF_INTRADAY
TATACOMM,2026-05-14,2026-05-18,1564.4955744113317,1649.1686563593546,1059,89668.7937829562,5.412165002760238,SWING,STOP_LOSS_HIT
AIIL,2026-05-14,2026-05-18,486.95649999999995,500.8463060913086,3403,47267.01012872326,2.8523710210888713,SWING,STOP_LOSS_HIT
IPCALAB,2026-05-14,2026-05-20,1509.2900260803035,1637.6212700195313,1097,140779.37460133285,8.502755714387776,SWING,MAX_HOLDING_DAYS
GVT&D,2026-05-20,2026-05-20,4452.329728856458,4658.510499023438,378,77936.33112311826,4.630851323312374,INTRADAY,SQUARE_OFF_INTRADAY
AIIL,2026-05-20,2026-05-20,501.0988061218261,506.8343060913086,3362,19282.75089740008,1.1445846406762488,INTRADAY,SQUARE_OFF_INTRADAY
ABCAPITAL,2026-05-20,2026-05-20,354.05899999999997,352.3938060913086,4759,-7924.657811462271,-0.470315373621735,INTRADAY,SQUARE_OFF_INTRADAY
ATGL,2026-05-21,2026-05-21,617.6322922035499,636.6014428710937,2742,52013.411130405024,3.0712692498423,INTRADAY,SQUARE_OFF_INTRADAY
CONCOR,2026-05-21,2026-05-21,506.62121676977415,503.3494684448242,3343,-10937.454650307694,-0.6457977314512564,INTRADAY,SQUARE_OFF_INTRADAY
DIXON,2026-05-22,2026-05-22,11318.855,11698.556,150,56955.15000000014,3.3545884278931126,INTRADAY,SQUARE_OFF_INTRADAY
3MINDIA,2026-05-22,2026-05-22,32132.1490390027,32773.7274375,52,33362.07672185953,1.9966868624894551,INTRADAY,SQUARE_OFF_INTRADAY
MFSL,2026-05-22,2026-05-22,1636.8959999999997,1676.64,1037,41214.528000000384,2.428010087384927,INTRADAY,SQUARE_OFF_INTRADAY
PRESTIGE,2026-05-22,2026-05-22,1410.949314324461,1383.9807639160156,1203,-32443.166141359914,-1.9113762723190078,INTRADAY,SQUARE_OFF_INTRADAY
ICICIAMC,2026-05-25,2026-05-25,3257.133984487922,3324.6035810546873,524,35354.06860098495,2.071440625043018,INTRADAY,SQUARE_OFF_INTRADAY
LICI,2026-05-25,2026-05-25,405.6576690855744,408.2673696899414,4210,10986.839544385037,0.6433258393092205,INTRADAY,SQUARE_OFF_INTRADAY
NAUKRI,2026-05-25,2026-05-25,964.3667922099437,933.7409582519531,1771,-54238.351939601365,-3.175745391212448,INTRADAY,SQUARE_OFF_INTRADAY
JSWENERGY,2026-05-26,2026-05-26,559.6762104489114,572.8995122070312,3050,40331.070362265265,2.3626699708235703,INTRADAY,SQUARE_OFF_INTRADAY
NATIONALUM,2026-05-27,2026-05-27,421.3926107591856,431.088244140625,4060,39364.27152864417,2.3008551013677456,INTRADAY,SQUARE_OFF_INTRADAY
PREMIERENE,2026-05-27,2026-05-27,1027.072,1043.908,1666,28048.77600000002,1.6392229561316065,INTRADAY,SQUARE_OFF_INTRADAY
EXIDEIND,2026-05-26,2026-05-29,346.6306626080926,391.4856622314453,4925,220910.87314501195,12.940286149487768,SWING,STOP_LOSS_HIT
AIAENG,2026-05-26,2026-05-29,3984.8840576334874,4402.694055664063,428,178822.67915708636,10.484872131479312,SWING,STOP_LOSS_HIT
SUZLON,2026-05-27,2026-05-29,55.01454846954345,57.41493878173828,31105,74664.14066082018,4.363191881005272,SWING,STOP_LOSS_HIT
IREDA,2026-05-29,2026-05-29,130.5233782827295,132.10335159301758,13525,21369.13902164612,1.2104906654083483,INTRADAY,SQUARE_OFF_INTRADAY
BHARATFORG,2026-05-29,2026-05-29,1956.3337248622606,1947.3772255859376,902,-8078.7623472433725,-0.4578206244925634,INTRADAY,SQUARE_OFF_INTRADAY
WAAREEENER,2026-05-29,2026-05-29,3151.9589653829926,3132.0580473632813,560,-11144.514091038327,-0.6313825223702794,INTRADAY,SQUARE_OFF_INTRADAY
VMM,2026-05-29,2026-05-29,122.35596785736082,121.52645664978027,14428,-11968.187702972204,-0.6779491201831471,INTRADAY,SQUARE_OFF_INTRADAY
FEDERALBNK,2026-05-29,2026-05-29,291.8788379274282,287.3902846069336,6048,-27146.770482351272,-1.5378138930409913,INTRADAY,SQUARE_OFF_INTRADAY
NMDC,2026-06-01,2026-06-04,89.36729846954344,94.87985969543458,19713,108669.1194459919,6.168432212113725,SWING,STOP_LOSS_HIT
VMM,2026-06-05,2026-06-05,119.34696785736082,118.49254335021972,14852,-12689.912780059678,-0.7159163927501546,INTRADAY,SQUARE_OFF_INTRADAY
JSWINFRA,2026-06-09,2026-06-09,270.99566527621755,281.3857162475586,6536,67909.37314868513,3.83402847449637,INTRADAY,SQUARE_OFF_INTRADAY
BAJAJHFL,2026-06-09,2026-06-09,83.04840306091307,83.85195664978028,21329,17138.994496948573,0.9675725953186899,INTRADAY,SQUARE_OFF_INTRADAY
TIINDIA,2026-06-09,2026-06-09,3080.1391478442756,3097.6007329101562,575,10040.41141288136,0.5669089683205261,INTRADAY,SQUARE_OFF_INTRADAY
SUPREMEIND,2026-06-09,2026-06-09,3515.7291531919136,3468.175968261719,503,-23919.25201988792,-1.3525838555288414,INTRADAY,SQUARE_OFF_INTRADAY
MAHABANK,2026-06-09,2026-06-11,80.25003214263916,83.24318365478516,22072,66064.8401760865,3.729782321863585,SWING,STOP_LOSS_HIT
LICHSGFIN,2026-06-12,2026-06-12,534.548153697793,547.390330078125,3339,42880.02693392828,2.402435831364268,INTRADAY,SQUARE_OFF_INTRADAY
GROWW,2026-06-12,2026-06-12,194.09052449035642,198.57206121826172,9197,41216.693286545116,2.308993053459432,INTRADAY,SQUARE_OFF_INTRADAY
BHARTIHEXA,2026-06-12,2026-06-12,1475.229853394912,1458.3992556152343,1210,-20365.02331340995,-1.1408796901002094,INTRADAY,SQUARE_OFF_INTRADAY
PRESTIGE,2026-06-15,2026-06-15,1417.4606371307632,1467.7073842773436,1263,63461.6416461311,3.544842504289246,INTRADAY,SQUARE_OFF_INTRADAY
GODREJPROP,2026-06-15,2026-06-15,1723.848430629199,1754.1883278808593,1039,31523.15324447519,1.7600095642159486,INTRADAY,SQUARE_OFF_INTRADAY
AUBANK,2026-06-12,2026-06-16,972.4671044137522,1020.3622986517813,1835,87887.68142678349,4.9251223018903625,SWING,STOP_LOSS_HIT
LGEINDIA,2026-06-16,2026-06-16,1544.62,1566.4607756347657,1171,25575.54826831076,1.4139902134353957,INTRADAY,SQUARE_OFF_INTRADAY
JSWINFRA,2026-06-12,2026-06-17,278.7955273676462,290.6889590369699,6402,76141.74954701045,4.266005190836478,SWING,STOP_LOSS_HIT
KEI,2026-06-17,2026-06-17,5446.289999999999,5632.213,334,62098.282000000225,3.413755051603949,INTRADAY,SQUARE_OFF_INTRADAY
AWL,2026-06-16,2026-06-18,191.565274295427,191.42440770136784,9447,-1330.7667140769015,-0.07353451432012724,SWING,STOP_LOSS_HIT
ANTHEM,2026-06-18,2026-06-18,785.2575554281586,794.4325479736328,2325,21331.85766822751,1.168405510020412,INTRADAY,SQUARE_OFF_INTRADAY
ICICIPRULI,2026-06-18,2026-06-18,508.3203877563476,521.0557756347656,3592,45745.51325927749,2.5053860095264255,INTRADAY,SQUARE_OFF_INTRADAY
KALYANKJIL,2026-06-15,2026-06-19,351.62128690029374,378.0467497842215,5094,134611.30793072804,7.51531942701211,SWING,STOP_LOSS_HIT
SUZLON,2026-06-16,2026-06-19,56.28835892868042,58.183399238586425,32151,60927.44100378807,3.3666646993690104,SWING,STOP_LOSS_HIT
BLUESTARCO,2026-06-17,2026-06-19,1630.9036783100214,1675.6079632415533,1115,49845.27769865807,2.7410745052617376,SWING,STOP_LOSS_HIT
AUROPHARMA,2026-06-19,2026-06-19,1458.3619999999999,1494.8044487304687,1273,46391.237233886866,2.4988616496088674,INTRADAY,SQUARE_OFF_INTRADAY
UBL,2026-06-19,2026-06-19,1342.4908805329283,1329.7537419433593,1383,-17615.46266937391,-0.9487690958848618,INTRADAY,SQUARE_OFF_INTRADAY
TATACOMM,2026-06-22,2026-06-22,2009.0089999999998,2057.576551269531,925,44924.9849243165,2.417487988830879,INTRADAY,SQUARE_OFF_INTRADAY
IREDA,2026-06-22,2026-06-22,127.5342933740825,129.7240103149414,14585,31937.021582427275,1.7169632441025535,INTRADAY,SQUARE_OFF_INTRADAY
ENDURANCE,2026-06-22,2026-06-22,2627.971282654753,2666.5539096679686,707,27277.91729834346,1.4681525352986284,INTRADAY,SQUARE_OFF_INTRADAY
COCHINSHIP,2026-06-22,2026-06-22,1468.244021316168,1471.79075390625,1266,4490.163459043813,0.24156288318495095,INTRADAY,SQUARE_OFF_INTRADAY
ICICIPRULI,2026-06-22,2026-06-22,504.50899999999996,505.2873878173828,3686,2869.1374948731846,0.1542862104309041,INTRADAY,SQUARE_OFF_INTRADAY
OBEROIRLTY,2026-06-24,2026-06-24,1719.1886701719004,1747.7038862304687,1088,31024.555071722294,1.6586437866483303,INTRADAY,SQUARE_OFF_INTRADAY
LAURUSLABS,2026-06-23,2026-06-25,1447.7302244873044,1438.2177756347655,1292,-12290.083917480271,-0.6570594915850172,SWING,STOP_LOSS_HIT
ASHOKLEY,2026-06-25,2026-06-25,157.06980612182616,160.3586326904297,11925,39219.25683059704,2.0938630089430763,INTRADAY,SQUARE_OFF_INTRADAY
UNOMINDA,2026-06-25,2026-06-25,1111.3239999999998,1134.227,1685,38591.555000000415,2.060875136323903,INTRADAY,SQUARE_OFF_INTRADAY
SBICARD,2026-06-25,2026-06-25,611.9302755126953,623.6002756347656,3061,35721.87037365716,1.907080036576517,INTRADAY,SQUARE_OFF_INTRADAY
M&MFIN,2026-06-24,2026-06-29,287.1182560579529,320.6779764404297,6517,218708.6977326011,11.688466224071437,SWING,STOP_LOSS_HIT
OFSS,2026-06-24,2026-06-29,9932.708999999999,10952.551,188,191730.2960000001,10.267511109003603,SWING,STOP_LOSS_HIT
KEI,2026-06-29,2026-06-29,5309.882,5441.096,362,47499.46799999998,2.4711283602912446,INTRADAY,SQUARE_OFF_INTRADAY
POLYCAB,2026-06-29,2026-06-29,9692.991999999998,9759.442,198,13157.100000000144,0.6855468363122629,INTRADAY,SQUARE_OFF_INTRADAY
LICHSGFIN,2026-06-29,2026-06-29,541.7750814958385,548.6132821044922,3554,24302.964963155126,1.2621844086615102,INTRADAY,SQUARE_OFF_INTRADAY
GLENMARK,2026-06-29,2026-06-29,2174.246147901333,2180.057660644531,885,5143.188777730149,0.26728863007564285,INTRADAY,SQUARE_OFF_INTRADAY
COROMANDEL,2026-06-30,2026-06-30,1923.7867007625339,1999.043705078125,1005,75633.28933716903,3.9119203956322885,INTRADAY,SQUARE_OFF_INTRADAY
MRF,2026-06-30,2026-06-30,125221.63058575625,127342.094484375,15,31806.95847928124,1.6933687005190206,INTRADAY,SQUARE_OFF_INTRADAY
FEDERALBNK,2026-06-30,2026-06-30,324.6652265920948,328.2684169921875,5958,21467.808403752137,1.1098171608688088,INTRADAY,SQUARE_OFF_INTRADAY
LLOYDSME,2026-06-29,2026-07-01,1730.1749999999997,1784.6235512695312,1112,60546.78901171895,3.14699676446206,SWING,STOP_LOSS_HIT
MCX,2026-07-01,2026-07-01,2860.0675328760235,2948.850489746094,683,60638.75954225808,3.104225891505161,INTRADAY,SQUARE_OFF_INTRADAY
HAVELLS,2026-07-01,2026-07-01,1176.1177755126953,1186.4224487304687,1660,17105.757541503794,0.8761599758392682,INTRADAY,SQUARE_OFF_INTRADAY
PATANJALI,2026-07-02,2026-07-02,412.83000561595617,409.9292918701172,4750,-13778.39029273511,-0.7026412097907003,INTRADAY,SQUARE_OFF_INTRADAY
HEXT,2026-07-01,2026-07-03,521.4597244873046,545.4568878173828,3746,89893.37383447312,4.601920762657574,SWING,STOP_LOSS_HIT
INDUSINDBK,2026-07-03,2026-07-03,950.8439999999999,972.4012756347656,2070,44623.56056396497,2.267172704961664,INTRADAY,SQUARE_OFF_INTRADAY
ACC,2026-07-03,2026-07-03,1359.0649999999998,1391.0124487304688,1448,46259.90576171908,2.350693214119191,INTRADAY,SQUARE_OFF_INTRADAY
COCHINSHIP,2026-06-30,2026-07-06,1436.6850520950168,1514.756208758499,1346,105083.77686904714,5.434117696821345,SWING,STOP_LOSS_HIT
EXIDEIND,2026-07-02,2026-07-06,391.30083131380735,412.7728060913086,5012,107617.53758483632,5.487331755827937,SWING,STOP_LOSS_HIT
JUBLFOOD,2026-07-06,2026-07-06,431.0670650218347,436.13315728759767,4637,23491.46983634285,1.1752445679203884,INTRADAY,SQUARE_OFF_INTRADAY
UNOMINDA,2026-07-06,2026-07-06,1138.505275512695,1135.724,1756,-4883.919800292726,-0.24429184234062523,INTRADAY,SQUARE_OFF_INTRADAY
LTTS,2026-07-06,2026-07-06,3233.6719999999996,3155.3765512695313,618,-48386.58731542938,-2.421255115870387,INTRADAY,SQUARE_OFF_INTRADAY
HUDCO,2026-07-03,2026-07-07,206.3663279021115,208.1710382211735,9540,17216.936443851446,0.8745178234300165,SWING,STOP_LOSS_HIT
MPHASIS,2026-07-07,2026-07-07,2274.0183628205486,2307.9748974609374,878,29813.83741426135,1.4932392453626118,INTRADAY,SQUARE_OFF_INTRADAY
360ONE,2026-07-07,2026-07-07,1143.4199999999998,1147.7997756347656,1747,7651.468033935839,0.3830417199949094,INTRADAY,SQUARE_OFF_INTRADAY
ABBOTINDIA,2026-07-06,2026-07-08,25550.328890624998,25905.672930370092,78,27716.835100117336,1.3907611180515094,SWING,STOP_LOSS_HIT
PREMIERENE,2026-07-09,2026-07-09,1058.165,1087.0215512695313,1894,54654.30810449235,2.727037018757126,INTRADAY,SQUARE_OFF_INTRADAY
PAGEIND,2026-07-09,2026-07-09,41535.60225275837,40311.2121015625,48,-58770.72725740168,-2.947808830951902,INTRADAY,SQUARE_OFF_INTRADAY
ICICIPRULI,2026-07-10,2026-07-10,493.47599999999994,509.3293060913086,4061,64380.27603680438,3.212578948380193,INTRADAY,SQUARE_OFF_INTRADAY
360ONE,2026-07-10,2026-07-10,1110.1204489746092,1126.742,1805,30001.899600830344,1.4972745561748446,INTRADAY,SQUARE_OFF_INTRADAY
HUDCO,2026-07-13,2026-07-13,205.1798025355763,206.84287048339843,9813,16319.685771978544,0.810541743032318,INTRADAY,SQUARE_OFF_INTRADAY
OIL,2026-07-14,2026-07-14,436.31542988320643,439.3193989868164,4618,13872.3293204708,0.6884856454455595,INTRADAY,SQUARE_OFF_INTRADAY
KALYANKJIL,2026-07-09,2026-07-15,379.59115034047414,544.7808743896485,5280,872201.7429796405,43.51780169295503,SWING,MAX_HOLDING_DAYS
CONCOR,2026-07-14,2026-07-16,468.0734102545496,486.2859296514092,4305,78404.89600348078,3.890953640574294,SWING,STOP_LOSS_HIT
ICICIPRULI,2026-07-15,2026-07-16,508.2201122436523,501.5948060913086,4139,-27422.142164550503,-1.303629272579311,SWING,STOP_LOSS_HIT
ENDURANCE,2026-07-16,2026-07-16,2756.9276341532195,2746.6629018554686,764,-7842.2554754817065,-0.37232505382404424,INTRADAY,SQUARE_OFF_INTRADAY
FEDERALBNK,2026-07-16,2026-07-16,328.41364307958435,324.8370305786133,6421,-22965.428868735216,-1.0890572229072553,INTRADAY,SQUARE_OFF_INTRADAY
LTTS,2026-07-15,2026-07-17,3360.2505510253905,3447.6908974609373,626,54737.65686865234,2.6021972203490655,SWING,STOP_LOSS_HIT
DALBHARAT,2026-07-15,2026-07-17,1777.3159999999998,1813.9647756347656,1183,43355.50157592794,2.0620292415510693,SWING,STOP_LOSS_HIT
360ONE,2026-07-17,2026-07-17,1111.6249489746092,1111.4725512695313,1903,-290.0128327631942,-0.01370945346435859,INTRADAY,SQUARE_OFF_INTRADAY
HAVELLS,2026-07-17,2026-07-17,1176.5189999999998,1184.9254487304688,1798,15114.794817383328,0.7145187396437319,INTRADAY,SQUARE_OFF_INTRADAY
ITCHOTELS,2026-07-17,2026-07-17,175.5952173461914,172.06518365478516,12048,-42529.84591406227,-2.010324509264202,INTRADAY,SQUARE_OFF_INTRADAY
GROWW,2026-07-15,2026-07-20,205.61499999999998,204.43031634521483,10231,-12120.498472106836,-0.5761659678453162,SWING,STOP_LOSS_HIT
M&MFIN,2026-07-21,2026-07-21,324.972,349.1503060913086,6497,157086.45467523215,7.44011979226168,INTRADAY,SQUARE_OFF_INTRADAY
JKCEMENT,2026-07-21,2026-07-21,5496.44,5646.684,384,57693.69600000023,2.7334783969260217,INTRADAY,SQUARE_OFF_INTRADAY
FEDERALBNK,2026-07-17,2026-07-23,328.56360855072535,352.48697265625,6438,154018.61811136754,7.281197151154132,SWING,MAX_HOLDING_DAYS
UBL,2026-07-21,2026-07-23,1352.350519473256,1388.3188059215104,1561,56146.495145724926,2.6596866663137018,SWING,STOP_LOSS_HIT
MPHASIS,2026-07-24,2026-07-24,2253.7409999999995,2283.5238974609374,955,28442.66707519567,1.321487138980827,INTRADAY,SQUARE_OFF_INTRADAY
MEDANTA,2026-07-27,2026-07-27,1378.6360521802892,1403.887647705078,1564,39493.49540076977,1.8316360931410351,INTRADAY,SQUARE_OFF_INTRADAY
GODFRYPHLP,2026-07-27,2026-07-28,2120.3194090847155,2086.437962689027,1017,-34457.430984415434,-1.5979406805654073,SWING,STOP_LOSS_HIT
MPHASIS,2026-07-28,2026-07-28,2381.8240510253904,2408.673,905,24298.29882202147,1.1272431715957656,INTRADAY,SQUARE_OFF_INTRADAY
ESCORTS,2026-07-28,2026-07-28,2977.9069999999997,3003.8801025390626,724,18804.526238281534,0.8721932061364877,INTRADAY,SQUARE_OFF_INTRADAY
AUBANK,2026-07-27,2026-07-29,1023.0694252389488,1040.8014571512117,2108,37379.12327105013,1.733218829027303,SWING,STOP_LOSS_HIT
TATAINVEST,2026-07-29,2026-07-29,657.968,674.3985,3291,54072.77550000017,2.497157916494427,INTRADAY,SQUARE_OFF_INTRADAY
LTF,2026-07-29,2026-07-29,313.93899999999996,308.5316939086914,6897,-37294.19011175511,-1.72240661125523,INTRADAY,SQUARE_OFF_INTRADAY
ALKEM,2026-07-30,2026-07-30,5695.873174058729,5794.496668945312,380,37476.92805690158,1.7314903592965114,INTRADAY,SQUARE_OFF_INTRADAY
RADICO,2026-07-28,2026-07-31,4183.513,4332.318,515,76634.57500000016,3.556938869318687,SWING,STOP_LOSS_HIT
SWIGGY,2026-07-29,2026-07-31,272.816,280.6675509643555,7937,62317.76000408969,2.8779657220821036,SWING,STOP_LOSS_HIT
ABCAPITAL,2026-07-31,2026-07-31,398.0906938781738,403.4913878173828,5488,29639.008338379102,1.356649131029869,INTRADAY,SQUARE_OFF_INTRADAY
SCHAEFFLER,2026-07-31,2026-07-31,4100.263999999999,4071.0415512695313,532,-15546.34272460894,-0.7126967612443476,INTRADAY,SQUARE_OFF_INTRADAY
AJANTPHARM,2026-07-31,2026-07-31,3458.8543102215285,3426.876408691406,631,-20178.055865507224,-0.924522939159999,INTRADAY,SQUARE_OFF_INTRADAY
NATIONALUM,2026-08-03,2026-08-03,358.11366782821887,367.32838513183594,6099,56200.56083476056,2.5731263929410324,INTRADAY,SQUARE_OFF_INTRADAY
SAIL,2026-08-04,2026-08-04,168.75474999999997,173.2029030456543,12976,57719.23392041049,2.6358683507600964,INTRADAY,SQUARE_OFF_INTRADAY
SUNDARMFIN,2026-07-31,2026-08-05,4513.399602050781,4733.015,484,106293.85260742209,4.8658531774902265,SWING,STOP_LOSS_HIT
GODREJPROP,2026-08-05,2026-08-05,2061.8670510253905,2094.802,1070,35240.39540283227,1.5973362083763192,INTRADAY,SQUARE_OFF_INTRADAY
APOLLOTYRE,2026-08-05,2026-08-05,442.4233061218261,444.0101939086914,4986,7912.2225053104075,0.35868087528561104,INTRADAY,SQUARE_OFF_INTRADAY
ASHOKLEY,2026-07-31,2026-08-06,160.3796938781738,177.145,13622,228376.9999915165,10.453509241987524,SWING,MAX_HOLDING_DAYS
JUBLFOOD,2026-08-03,2026-08-07,441.2698622436523,469.1598060913086,4949,138027.332102051,6.3203826578703755,SWING,STOP_LOSS_HIT
GODFRYPHLP,2026-08-03,2026-08-07,2120.220549738568,2250.701074770196,1030,134394.94078257692,6.1541015177745,SWING,STOP_LOSS_HIT
TATAINVEST,2026-08-07,2026-08-07,674.3168877563476,692.2627243652344,3352,60154.44431298853,2.6613357806591376,INTRADAY,SQUARE_OFF_INTRADAY
PREMIERENE,2026-08-07,2026-08-07,1054.0527244873047,1045.1055512695314,2144,-19182.73937890595,-0.8488354529063276,INTRADAY,SQUARE_OFF_INTRADAY
BDL,2026-08-06,2026-08-10,1246.8292755126952,1285.923,1791,70016.86055676294,3.13545128070798,SWING,STOP_LOSS_HIT
OIL,2026-08-11,2026-08-11,464.742492196278,468.45132598876955,4888,18128.77957769861,0.7980406041557211,INTRADAY,SQUARE_OFF_INTRADAY
BSE,2026-08-11,2026-08-11,3630.8599999999997,3597.79,625,-20668.749999999818,-0.9108035010989052,INTRADAY,SQUARE_OFF_INTRADAY
FLUOROCHEM,2026-08-12,2026-08-12,4450.372950770407,4553.652763671875,510,52672.70457974831,2.320700176006337,INTRADAY,SQUARE_OFF_INTRADAY
NAUKRI,2026-08-10,2026-08-14,1243.8202755126952,1340.314,1826,176197.54091381878,7.757851064739301,SWING,MAX_HOLDING_DAYS
MCX,2026-08-11,2026-08-14,2781.0242601430937,2915.997012743812,816,110137.76612218605,4.85334682387033,SWING,STOP_LOSS_HIT
TIINDIA,2026-08-14,2026-08-14,2796.3639999999996,2728.033,824,-56304.74399999973,-2.4435660021370498,INTRADAY,SQUARE_OFF_INTRADAY
ASTRAL,2026-08-13,2026-08-17,1501.1359808417083,1549.0955512695311,1516,72706.70876857948,3.1948851429789373,SWING,STOP_LOSS_HIT
BHEL,2026-08-17,2026-08-17,425.27199999999993,435.0781121826172,5424,53188.35247851599,2.3058447729023444,INTRADAY,SQUARE_OFF_INTRADAY
GICRE,2026-08-18,2026-08-18,344.2666760779492,345.8174465942383,6716,10414.974787397252,0.45045617948160677,INTRADAY,SQUARE_OFF_INTRADAY
DIXON,2026-08-20,2026-08-20,14553.529999999999,14820.3,158,42149.66000000007,1.8330260768349704,INTRADAY,SQUARE_OFF_INTRADAY
360ONE,2026-08-20,2026-08-20,1191.0624999999998,1200.594,1942,18510.17300000054,0.8002518759511177,INTRADAY,SQUARE_OFF_INTRADAY
TIINDIA,2026-08-18,2026-08-21,2764.067448974609,2904.379551269531,836,117300.91751855494,5.076290824486718,SWING,STOP_LOSS_HIT
PRESTIGE,2026-08-21,2026-08-21,1596.7759999999998,1627.738,1459,45173.55800000032,1.939032149781824,INTRADAY,SQUARE_OFF_INTRADAY
LICHSGFIN,2026-08-21,2026-08-21,501.49999999999994,496.006,4648,-25536.111999999866,-1.095513459621131,INTRADAY,SQUARE_OFF_INTRADAY
GROWW,2026-08-20,2026-08-24,195.82572550964355,194.61,11813,-14361.365445419062,-0.6208201228309324,SWING,STOP_LOSS_HIT
LAURUSLABS,2026-08-25,2026-08-25,1813.4239999999998,1862.4675512695312,1285,63020.96338134793,2.7044723831564745,INTRADAY,SQUARE_OFF_INTRADAY
UPL,2026-08-25,2026-08-25,576.6748622436522,583.83,4043,28928.221948914208,1.2407576998431187,INTRADAY,SQUARE_OFF_INTRADAY
LAURUSLABS,2026-08-26,2026-08-26,1876.7132755126952,1883.2259999999999,1247,8121.367435668954,0.347028210024544,INTRADAY,SQUARE_OFF_INTRADAY
INDUSTOWER,2026-08-27,2026-08-27,381.0898622436523,379.1901121826172,6144,-11672.064374999609,-0.4985044865403622,INTRADAY,SQUARE_OFF_INTRADAY
POLYCAB,2026-08-27,2026-08-27,9175.444,9060.842,255,-29223.509999999733,-1.2490076774486223,INTRADAY,SQUARE_OFF_INTRADAY
SAIL,2026-08-24,2026-08-28,175.32440306091306,199.6,13299,322841.1636929172,13.846102718885547,SWING,MAX_HOLDING_DAYS
MAHABANK,2026-08-26,2026-08-28,82.73746785736083,83.8819030456543,28292,32378.360347198886,1.3832127304965076,SWING,STOP_LOSS_HIT
PERSISTENT,2026-08-28,2026-08-28,5694.030999999999,5863.25,416,70395.1040000004,2.971866503712414,INTRADAY,SQUARE_OFF_INTRADAY
MPHASIS,2026-08-28,2026-08-28,2433.578948974609,2450.09,975,16098.274749756445,0.6784678603645949,INTRADAY,SQUARE_OFF_INTRADAY
MEDANTA,2026-08-26,2026-08-31,1414.2299999999998,1459.1757756347656,1655,74385.25867553744,3.178109334038016,SWING,STOP_LOSS_HIT
AIIL,2026-08-31,2026-08-31,549.1424999999999,559.7782243652343,4350,46265.40098876968,1.9367876944935807,INTRADAY,SQUARE_OFF_INTRADAY
GROWW,2026-08-31,2026-08-31,192.57599999999996,191.67587756347658,12406,-11166.91894750917,-0.46741153441934075,INTRADAY,SQUARE_OFF_INTRADAY
UPL,2026-09-01,2026-09-01,569.3529744873047,565.9657756347656,4202,-14233.00957836924,-0.5949207265649603,INTRADAY,SQUARE_OFF_INTRADAY
AUROPHARMA,2026-08-31,2026-09-02,1653.5457755126952,1667.7577756347657,1444,20522.12817626987,0.8594863433801222,SWING,STOP_LOSS_HIT
PRESTIGE,2026-09-03,2026-09-03,1593.7669999999998,1611.9695512695312,1501,27322.029455566542,1.1421086814779915,INTRADAY,SQUARE_OFF_INTRADAY
NHPC,2026-09-03,2026-09-03,76.3383306121826,76.2970969543457,31351,-1292.7164068445866,-0.05401435622999799,INTRADAY,SQUARE_OFF_INTRADAY
GICRE,2026-09-03,2026-09-03,344.7495319912739,342.2141939086914,6942,-17600.316969287607,-0.7354145103369298,INTRADAY,SQUARE_OFF_INTRADAY
MEDANTA,2026-09-04,2026-09-04,1428.5729489746093,1466.8604487304688,1675,64131.56209106462,2.6801221305038148,INTRADAY,SQUARE_OFF_INTRADAY
MAHABANK,2026-09-03,2026-09-07,83.39945153045653,85.5285969543457,28697,61100.08622934752,2.5529489520822937,SWING,STOP_LOSS_HIT
GICRE,2026-09-04,2026-09-08,344.68094387817376,347.5036121826172,6946,19606.254042664033,0.818922065340835,SWING,STOP_LOSS_HIT
MEDANTA,2026-09-09,2026-09-11,1436.3962755126952,1442.11,1676,9576.202240722705,0.39778190633815924,SWING,STOP_LOSS_HIT
PAYTM,2026-09-09,2026-09-15,1682.0309999999997,1803.885,1432,174494.9280000004,7.244456255562488,SWING,STOP_LOSS_HIT
COLPAL,2026-09-16,2026-09-16,1839.4017244873046,1856.28,1319,22262.445401245208,0.9175959382880242,INTRADAY,SQUARE_OFF_INTRADAY
LGEINDIA,2026-09-18,2026-09-18,1664.9799999999998,1693.5062243652344,1459,41619.7613488773,1.713307328930955,INTRADAY,SQUARE_OFF_INTRADAY
NLCINDIA,2026-09-18,2026-09-18,264.99261224365233,268.26238781738283,9167,29974.032684387483,1.2339119743927214,INTRADAY,SQUARE_OFF_INTRADAY
ALKEM,2026-09-18,2026-09-18,5394.635499999999,5455.567,450,27419.17500000027,1.129483168974078,INTRADAY,SQUARE_OFF_INTRADAY
